pattern,brand
the ordinary,The Ordinary
cerave,CeraVe
clinique,Clinique
la roche-posay,La Roche-Posay
avène,Avène
avene,Avène
first aid beauty,First Aid Beauty
estée lauder,Estée Lauder
estee lauder,Estée Lauder
the inkey list,The INKEY List
nuxe,NUXE
pixi,PIXI
murad,Murad
origins,Origins
elizabeth arden,Elizabeth Arden
bulldog,Bulldog
neutrogena,Neutrogena
weleda,Weleda
caudalie,Caudalie
l'oréal,L'Oréal
l’oréal,L'Oréal
loreal,L'Oréal
vichy,VICHY
bioderma,Bioderma
ren clean skincare,REN Clean Skincare
elemis,Elemis
dermalogica,Dermalogica
cosrx,COSRX
ahava,AHAVA
garnier,Garnier
lancome,Lancôme
lancôme,Lancôme
medik8,Medik8
natio,Natio
sukin,Sukin
pai skincare,Pai Skincare
oskiа,OSKIA
