raw,standard
Cleanser,cleanser
Gel Cream,gel cream
Primer,primer
Mist,mist
Sleeping Mask,sleeping mask
BB Cream,bb cream
Essence,essence
Exfoliant,exfoliant
Night Cream,night cream
Spot Treatment,spot treatment
Lotion,lotion
Moisturizer,moisturizer
Face Oil,face oil
Peel,peel
Toner,toner
Sunscreen,sunscreen
Eye Cream,eye cream
Balm,balm
Serum,serum
Face Mask,face mask
Moisturiser,moisturizer
Moisturizer,moisturizer
Eye Care,eye cream
Eye cream,eye cream
Mask,face mask
Face Mask,face mask
Bath Oil,bath oil
Body Wash,body wash